<?xml version="1.0" encoding="utf-8"?>
<list>
<item type="dictionary"><dictionary>
<item key="eng"><![CDATA[Do you really want to add a new document?]]></item>
<item key="ger"><![CDATA[Wollen Sie wirklich ein neues Dokument erzeugen?]]></item>
<item key="key"><![CDATA[wikiConfirmNew]]></item>
</dictionary>
</item>
<item type="dictionary"><dictionary>
<item key="eng"><![CDATA[documents of this category are shown.]]></item>
<item key="ger"><![CDATA[Artikel werden aus dieser Rubrik angezeigt.]]></item>
<item key="key"><![CDATA[wikiShowCategoryArticles]]></item>
</dictionary>
</item>
<item type="dictionary"><dictionary>
<item key="eng"><![CDATA[Add a New Document]]></item>
<item key="ger"><![CDATA[Neues Dokument erzeugen]]></item>
<item key="key"><![CDATA[wikiTitleNew]]></item>
</dictionary>
</item>
<item type="dictionary"><dictionary>
<item key="eng"><![CDATA[Categories]]></item>
<item key="ger"><![CDATA[Rubriken]]></item>
<item key="key"><![CDATA[wikiCategories]]></item>
</dictionary>
</item>
<item type="dictionary"><dictionary>
<item key="eng"><![CDATA[No Subcategories available]]></item>
<item key="ger"><![CDATA[Keine Unterrubriken]]></item>
<item key="key"><![CDATA[wikiNoSubcategories]]></item>
</dictionary>
</item>
<item type="dictionary"><dictionary>
<item key="eng"><![CDATA[Subcategories are shown]]></item>
<item key="ger"><![CDATA[Unterrubriken werden angezeigt]]></item>
<item key="key"><![CDATA[wikiShowSubcategories]]></item>
</dictionary>
</item>
<item type="dictionary"><dictionary>
<item key="eng"><![CDATA[Overview]]></item>
<item key="ger"><![CDATA[Überblick]]></item>
<item key="key"><![CDATA[wikiOverview]]></item>
</dictionary>
</item>
<item type="dictionary"><dictionary>
<item key="eng"><![CDATA[Documents of Category]]></item>
<item key="ger"><![CDATA[Artikel in der Rubrik]]></item>
<item key="key"><![CDATA[wikiCategoryArticles]]></item>
</dictionary>
</item>
<item type="dictionary"><dictionary>
<item key="eng"><![CDATA[(continued)]]></item>
<item key="ger"><![CDATA[(Forts.)]]></item>
<item key="key"><![CDATA[wikiContinued]]></item>
</dictionary>
</item>
</list>
