<?xml version="1.0" encoding="utf-8"?>
<ZMS id_fix="content">
	<change_uid>
		<lang><![CDATA[xml]]></lang>
	</change_uid>
	<title>
		<lang><![CDATA[ZMS - ZOPE-based contentmanagement system for science, technology and medicine]]></lang>
	</title>
	<attr_navigation><![CDATA[1]]></attr_navigation>
	<attr_logo>
		<lang>
			<data width="349" height="100" content_type="image/gif" filename="resources/logo.gif"/>
		</lang>
	</attr_logo>
	<titlealt>
		<lang><![CDATA[ZMS home]]></lang>
	</titlealt>
	<attr_dc_description>
		<lang><![CDATA[ZMS is a unique open source content management solution: perfectly suitable for hospitals, research institutions, NGOs and small to medium-size international companies, based on the consulting principles of HOFFMANN+LIEBENBERG.]]></lang>
	</attr_dc_description>
	<active>
		<lang>1</lang>
	</active>
	<attr_dc_type>
		<lang><![CDATA[Home]]></lang>
	</attr_dc_type>
	<ZMSTeaserContainer id="e1211">
		<attr_bgcolor_title><![CDATA[neutralColorWhite]]></attr_bgcolor_title>
		<attr_bgcolor_border><![CDATA[primColorStrong]]></attr_bgcolor_border>
		<attr_bgcolor_text><![CDATA[primColorLight]]></attr_bgcolor_text>
		<attr_borderstyle>2</attr_borderstyle>
		<active>
			<lang>1</lang>
		</active>
		<ZMSTeaserElement id="e1212">
			<attr_img>
				<lang>
					<data width="150" height="150" content_type="image/jpeg" filename="resources/yeepa_box_150.jpg"/>
				</lang>
			</attr_img>
			<title>
				<lang><![CDATA[Game Based Assessment: yeepa]]></lang>
			</title>
			<text>
				<lang><![CDATA[Interactive net-based knowledge assessments as a starting point for eLearning.]]></lang>
			</text>
			<displaytype>2</displaytype>
			<attr_url>
				<lang>http://www.yeepa.de/</lang>
			</attr_url>
			<active>
				<lang>1</lang>
			</active>
			<attr_penetrance>sub_nav</attr_penetrance>
		</ZMSTeaserElement>
		<ZMSTeaserElement id="e1213">
			<attr_img>
				<lang>
					<data width="150" height="27" content_type="image/gif" filename="resources/sntl_logo_150.gif"/>
				</lang>
			</attr_img>
			<title>
				<lang><![CDATA[Medical Publishing]]></lang>
			</title>
			<text>
				<lang><![CDATA[Sustainable, efficient, cross medial, single sourced ...]]></lang>
			</text>
			<displaytype>2</displaytype>
			<attr_url>
				<lang>http://www.sntl-publishing.com/</lang>
			</attr_url>
			<active>
				<lang>1</lang>
			</active>
			<attr_penetrance>sub_nav</attr_penetrance>
		</ZMSTeaserElement>
	</ZMSTeaserContainer>
	<ZMSGraphic id="e1264">
		<img>
			<lang>
				<data width="175" height="123" content_type="image/jpeg" filename="resources/ZMSScreen_small.jpg"/>
			</lang>
		</img>
		<format><![CDATA[caption]]></format>
		<text>
			<lang><![CDATA[Screenshot of the ZMS management interface: the ZMS interface is concentrated on the input and the markup. The extremely easy and fast application enables the editor to construct the content of a whole website without HTML knowledge.]]></lang>
		</text>
		<align><![CDATA[LEFT_FLOAT]]></align>
		<img_attrs_spec><![CDATA[title=""]]></img_attrs_spec>
		<displaytype>2</displaytype>
		<active>
			<lang>1</lang>
		</active>
		<textalign><![CDATA[LEFT]]></textalign>
		<imghires>
			<lang>
				<data content_type="image/jpeg" filename="resources/ZMSScreen.jpg"/>
			</lang>
		</imghires>
	</ZMSGraphic>
	<ZMSTextarea>
		<format><![CDATA[wysiwyg]]></format>
		<text>
			<lang><![CDATA[<p>Lorem ipsum dolor sit amet, consectetur adipisicing elit, sed do eiusmod tempor incididunt ut labore et dolore magna aliqua. Ut enim ad minim veniam, quis nostrud exercitation ullamco laboris nisi ut aliquip ex ea commodo consequat. Duis aute irure dolor in reprehenderit in voluptate velit esse cillum dolore eu fugiat nulla pariatur. Excepteur sint occaecat cupidatat non proident, sunt in culpa qui officia deserunt mollit anim id est laborum.</p>]]></lang>
		</text>
		<active>
			<lang>1</lang>
		</active>
	</ZMSTextarea>
	<ZMSTextarea>
		<format><![CDATA[wysiwyg]]></format>
		<text>
			<lang><![CDATA[<p>Lorem ipsum dolor sit amet, consectetur adipisicing elit, sed do eiusmod tempor incididunt ut labore et dolore magna aliqua. Ut enim ad minim veniam, quis nostrud exercitation ullamco laboris nisi ut aliquip ex ea commodo consequat. Duis aute irure dolor in reprehenderit in voluptate velit esse cillum dolore eu fugiat nulla pariatur. Excepteur sint occaecat cupidatat non proident, sunt in culpa qui officia deserunt mollit anim id est laborum.</p>]]></lang>
		</text>
		<active>
			<lang>1</lang>
		</active>
	</ZMSTextarea>
	<ZMSFolder id="e2">
		<title>
			<lang><![CDATA[News about the ZMS concept]]></lang>
		</title>
		<titlealt>
			<lang><![CDATA[News]]></lang>
		</titlealt>
		<attr_dc_description>
			<lang><![CDATA[ZMS uses the open source application server ZOPE and is optimised for the building of structured contents. This system facilitates the editorial process by prescribing a homogenous concept for the structure and the development of internet documents (design pattern approach). ZMS makes the "one click publishing" also possible for the inexperienced user by the direct entering of contents in a web form.]]></lang>
		</attr_dc_description>
		<active>
			<lang>1</lang>
		</active>
		<ZMSTextarea>
			<format><![CDATA[wysiwyg]]></format>
			<text>
				<lang><![CDATA[<p>Lorem ipsum dolor sit amet, consectetur adipisicing elit, sed do eiusmod tempor incididunt ut labore et dolore magna aliqua. Ut enim ad minim veniam, quis nostrud exercitation ullamco laboris nisi ut aliquip ex ea commodo consequat. Duis aute irure dolor in reprehenderit in voluptate velit esse cillum dolore eu fugiat nulla pariatur. Excepteur sint occaecat cupidatat non proident, sunt in culpa qui officia deserunt mollit anim id est laborum.</p>]]></lang>
			</text>
			<active>
				<lang>1</lang>
			</active>
		</ZMSTextarea>
		<ZMSDocument id="e10">
			<title>
				<lang><![CDATA[Umlauts-1.1]]></lang>
			</title>
			<titlealt>
				<lang><![CDATA[Umlauts-1.1]]></lang>
			</titlealt>
			<attr_dc_description>
				<lang><![CDATA[ZMS is a unique open source content management solution: perfectly suitable for hospitals, research institutions, NGOs and small to medium-size]]></lang>
			</attr_dc_description>
			<active>
				<lang>1</lang>
			</active>
			<ZMSTeaserContainer>
				<attr_bgcolor_title><![CDATA[neutralColorWhite]]></attr_bgcolor_title>
				<attr_bgcolor_border><![CDATA[primColorStrong]]></attr_bgcolor_border>
				<attr_bgcolor_text><![CDATA[primColorLight]]></attr_bgcolor_text>
				<attr_borderstyle>2</attr_borderstyle>
				<active>
					<lang>1</lang>
				</active>
				<ZMSTeaserElement>
					<title>
						<lang><![CDATA[German umlauts]]></lang>
					</title>
					<text>
						<lang><![CDATA[ä ö ü Ä Ö Ü ß]]></lang>
					</text>
					<displaytype>2</displaytype>
					<active>
						<lang>1</lang>
					</active>
					<attr_penetrance>sub_nav</attr_penetrance>
				</ZMSTeaserElement>
			</ZMSTeaserContainer>
			<ZMSTextarea>
				<text>
					<lang><![CDATA[German umlauts:
ä ö ü Ä Ö Ü ß]]></lang>
				</text>
				<active>
					<lang>1</lang>
				</active>
			</ZMSTextarea>
			<ZMSLinkContainer>
				<align><![CDATA[LEFT]]></align>
				<ZMSLinkElement>
					<align><![CDATA[LEFT]]></align>
					<title>
						<lang><![CDATA[German umlauts: ä ö ü Ä Ö Ü ß]]></lang>
					</title>
					<attr_ref>
						<lang><![CDATA[#]]></lang>
					</attr_ref>
					<attr_dc_description>
						<lang><![CDATA[German umlauts: ä ö ü Ä Ö Ü ß]]></lang>
					</attr_dc_description>
				</ZMSLinkElement>
			</ZMSLinkContainer>
			<ZMSTextarea>
				<format><![CDATA[wysiwyg]]></format>
				<text>
					<lang><![CDATA[<p>Lorem ipsum dolor sit amet, consectetur adipisicing elit, sed do eiusmod tempor incididunt ut labore et dolore magna aliqua. Ut enim ad minim veniam, quis nostrud exercitation ullamco laboris nisi ut aliquip ex ea commodo consequat. Duis aute irure dolor in reprehenderit in voluptate velit esse cillum dolore eu fugiat nulla pariatur. Excepteur sint occaecat cupidatat non proident, sunt in culpa qui officia deserunt mollit anim id est laborum.</p>]]></lang>
				</text>
				<active>
					<lang>1</lang>
				</active>
			</ZMSTextarea>
		</ZMSDocument>
		<ZMSDocument>
			<title>
				<lang><![CDATA[Document-1.2]]></lang>
			</title>
			<titlealt>
				<lang><![CDATA[Document-1.2]]></lang>
			</titlealt>
			<attr_dc_description>
				<lang><![CDATA[ZMS is a unique open source content management solution: perfectly suitable for hospitals, research institutions, NGOs and small to medium-size]]></lang>
			</attr_dc_description>
			<active>
				<lang>1</lang>
			</active>
			<ZMSTextarea>
				<format><![CDATA[wysiwyg]]></format>
				<text>
					<lang><![CDATA[<p>Lorem ipsum dolor sit amet, consectetur adipisicing elit, sed do eiusmod tempor incididunt ut labore et dolore magna aliqua. Ut enim ad minim veniam, quis nostrud exercitation ullamco laboris nisi ut aliquip ex ea commodo consequat. Duis aute irure dolor in reprehenderit in voluptate velit esse cillum dolore eu fugiat nulla pariatur. Excepteur sint occaecat cupidatat non proident, sunt in culpa qui officia deserunt mollit anim id est laborum.</p>]]></lang>
				</text>
				<active>
					<lang>1</lang>
				</active>
			</ZMSTextarea>
			<ZMSGraphic id="e15">
				<img>
					<lang>
						<data width="175" height="123" content_type="image/jpeg" filename="resources/ZMSScreen_small.jpg"/>
					</lang>
				</img>
				<format><![CDATA[caption]]></format>
				<text>
					<lang><![CDATA[Bildausrichtung: links ohne Umfluss; Legenden-Ausrichtung: links; Legenden-Position: unten]]></lang>
				</text>
				<align><![CDATA[LEFT]]></align>
				<img_attrs_spec><![CDATA[title=""]]></img_attrs_spec>
				<displaytype>2</displaytype>
				<active>
					<lang>1</lang>
				</active>
				<textalign><![CDATA[LEFT]]></textalign>
				<imghires>
					<lang>
						<data width="350" height="246" content_type="image/jpeg" filename="resources/ZMSScreen.jpg"/>
					</lang>
				</imghires>
			</ZMSGraphic>
			<ZMSTextarea>
				<format><![CDATA[wysiwyg]]></format>
				<text>
					<lang><![CDATA[<p>Lorem ipsum dolor sit amet, consectetur adipisicing elit, sed do eiusmod tempor incididunt ut labore et dolore magna aliqua. Ut enim ad minim veniam, quis nostrud exercitation ullamco laboris nisi ut aliquip ex ea commodo consequat. Duis aute irure dolor in reprehenderit in voluptate velit esse cillum dolore eu fugiat nulla pariatur. Excepteur sint occaecat cupidatat non proident, sunt in culpa qui officia deserunt mollit anim id est laborum.</p>]]></lang>
				</text>
				<active>
					<lang>1</lang>
				</active>
			</ZMSTextarea>
		</ZMSDocument>
		<ZMSDocument id="e90">
			<title>
				<lang><![CDATA[Document-1.3]]></lang>
			</title>
			<titlealt>
				<lang><![CDATA[Document-1.3]]></lang>
			</titlealt>
			<attr_dc_description>
				<lang><![CDATA[ZMS is a unique open source content management solution: perfectly suitable for hospitals, research institutions, NGOs and small to medium-size]]></lang>
			</attr_dc_description>
			<active>
				<lang>1</lang>
			</active>
			<ZMSTextarea>
				<format><![CDATA[wysiwyg]]></format>
				<text>
					<lang><![CDATA[<p>Lorem ipsum dolor sit amet, consectetur adipisicing elit, sed do eiusmod tempor incididunt ut labore et dolore magna aliqua. Ut enim ad minim veniam, quis nostrud exercitation ullamco laboris nisi ut aliquip ex ea commodo consequat. Duis aute irure dolor in reprehenderit in voluptate velit esse cillum dolore eu fugiat nulla pariatur. Excepteur sint occaecat cupidatat non proident, sunt in culpa qui officia deserunt mollit anim id est laborum.</p>]]></lang>
				</text>
				<active>
					<lang>1</lang>
				</active>
			</ZMSTextarea>
			<ZMSTextarea>
				<format><![CDATA[wysiwyg]]></format>
				<text>
					<lang><![CDATA[<p>Lorem ipsum dolor sit amet, consectetur adipisicing elit, sed do eiusmod tempor incididunt ut labore et dolore magna aliqua. Ut enim ad minim veniam, quis nostrud exercitation ullamco laboris nisi ut aliquip ex ea commodo consequat. Duis aute irure dolor in reprehenderit in voluptate velit esse cillum dolore eu fugiat nulla pariatur. Excepteur sint occaecat cupidatat non proident, sunt in culpa qui officia deserunt mollit anim id est laborum.</p>]]></lang>
				</text>
				<active>
					<lang>1</lang>
				</active>
			</ZMSTextarea>
		</ZMSDocument>
		<ZMSDocument id="e93">
			<title>
				<lang><![CDATA[Document-1.4]]></lang>
			</title>
			<titlealt>
				<lang><![CDATA[Document-1.4]]></lang>
			</titlealt>
			<attr_dc_description>
				<lang><![CDATA[ZMS is a unique open source content management solution: perfectly suitable for hospitals, research institutions, NGOs and small to medium-size]]></lang>
			</attr_dc_description>
			<active>
				<lang>1</lang>
			</active>
			<ZMSTextarea>
				<format><![CDATA[wysiwyg]]></format>
				<text>
					<lang><![CDATA[<p>Lorem ipsum dolor sit amet, consectetur adipisicing elit, sed do eiusmod tempor incididunt ut labore et dolore magna aliqua. Ut enim ad minim veniam, quis nostrud exercitation ullamco laboris nisi ut aliquip ex ea commodo consequat. Duis aute irure dolor in reprehenderit in voluptate velit esse cillum dolore eu fugiat nulla pariatur. Excepteur sint occaecat cupidatat non proident, sunt in culpa qui officia deserunt mollit anim id est laborum.</p>]]></lang>
				</text>
				<active>
					<lang>1</lang>
				</active>
			</ZMSTextarea>
			<ZMSNote id="e125">
				<text>
					<lang><![CDATA[Das ist eine Notiz]]></lang>
				</text>
			</ZMSNote>
			<ZMSGraphic id="e95">
				<img>
					<lang>
						<data width="175" height="123" content_type="image/jpeg" filename="resources/ZMSScreen_small.jpg"/>
					</lang>
				</img>
				<format><![CDATA[caption]]></format>
				<text>
					<lang><![CDATA[Bildausrichtung: links ohne Umfluss; Legenden-Ausrichtung: links; Legenden-Position: unten]]></lang>
				</text>
				<align><![CDATA[LEFT]]></align>
				<img_attrs_spec><![CDATA[title=""]]></img_attrs_spec>
				<displaytype>2</displaytype>
				<active>
					<lang>1</lang>
				</active>
				<textalign><![CDATA[LEFT]]></textalign>
				<imghires>
					<lang>
						<data width="350" height="246" content_type="image/jpeg" filename="resources/ZMSScreen.jpg"/>
					</lang>
				</imghires>
			</ZMSGraphic>
			<ZMSTextarea>
				<format><![CDATA[wysiwyg]]></format>
				<text>
					<lang><![CDATA[<p>Lorem ipsum dolor sit amet, consectetur adipisicing elit, sed do eiusmod tempor incididunt ut labore et dolore magna aliqua. Ut enim ad minim veniam, quis nostrud exercitation ullamco laboris nisi ut aliquip ex ea commodo consequat. Duis aute irure dolor in reprehenderit in voluptate velit esse cillum dolore eu fugiat nulla pariatur. Excepteur sint occaecat cupidatat non proident, sunt in culpa qui officia deserunt mollit anim id est laborum.</p>]]></lang>
				</text>
				<active>
					<lang>1</lang>
				</active>
			</ZMSTextarea>
			<ZMSGraphic id="e97">
				<img>
					<lang>
						<data width="175" height="123" content_type="image/jpeg" filename="resources/ZMSScreen_small.jpg"/>
					</lang>
				</img>
				<format><![CDATA[caption]]></format>
				<text>
					<lang><![CDATA[Bildausrichtung: mittig; Legenden-Ausrichtung: rechts; Legenden-Position: unten]]></lang>
				</text>
				<align><![CDATA[CENTER]]></align>
				<img_attrs_spec><![CDATA[title=""]]></img_attrs_spec>
				<displaytype>2</displaytype>
				<active>
					<lang>1</lang>
				</active>
				<textalign><![CDATA[RIGHT]]></textalign>
				<imghires>
					<lang>
						<data width="350" height="246" content_type="image/jpeg" filename="resources/ZMSScreen.jpg"/>
					</lang>
				</imghires>
			</ZMSGraphic>
			<ZMSTextarea>
				<format><![CDATA[wysiwyg]]></format>
				<text>
					<lang><![CDATA[<p>Lorem ipsum dolor sit amet, consectetur adipisicing elit, sed do eiusmod tempor incididunt ut labore et dolore magna aliqua. Ut enim ad minim veniam, quis nostrud exercitation ullamco laboris nisi ut aliquip ex ea commodo consequat. Duis aute irure dolor in reprehenderit in voluptate velit esse cillum dolore eu fugiat nulla pariatur. Excepteur sint occaecat cupidatat non proident, sunt in culpa qui officia deserunt mollit anim id est laborum.</p>]]></lang>
				</text>
				<active>
					<lang>1</lang>
				</active>
			</ZMSTextarea>
			<ZMSGraphic id="e99">
				<img>
					<lang>
						<data width="175" height="123" content_type="image/jpeg" filename="resources/ZMSScreen_small.jpg"/>
					</lang>
				</img>
				<format><![CDATA[caption]]></format>
				<text>
					<lang><![CDATA[Bildausrichtung: links mit Umfluss; Legenden-Ausrichtung: Links; Legenden-Position: rechts]]></lang>
				</text>
				<align><![CDATA[LEFT_FLOAT]]></align>
				<img_attrs_spec><![CDATA[title=""]]></img_attrs_spec>
				<displaytype>5</displaytype>
				<active>
					<lang>1</lang>
				</active>
				<textalign><![CDATA[LEFT]]></textalign>
				<imghires>
					<lang>
						<data width="350" height="246" content_type="image/jpeg" filename="resources/ZMSScreen.jpg"/>
					</lang>
				</imghires>
			</ZMSGraphic>
			<ZMSTextarea>
				<format><![CDATA[wysiwyg]]></format>
				<text>
					<lang><![CDATA[<p>Lorem ipsum dolor sit amet, consectetur adipisicing elit, sed do eiusmod tempor incididunt ut labore et dolore magna aliqua. Ut enim ad minim veniam, quis nostrud exercitation ullamco laboris nisi ut aliquip ex ea commodo consequat. Duis aute irure dolor in reprehenderit in voluptate velit esse cillum dolore eu fugiat nulla pariatur. Excepteur sint occaecat cupidatat non proident, sunt in culpa qui officia deserunt mollit anim id est laborum.</p>]]></lang>
				</text>
				<active>
					<lang>1</lang>
				</active>
			</ZMSTextarea>
			<ZMSGraphic id="e101">
				<img>
					<lang>
						<data width="175" height="123" content_type="image/jpeg" filename="resources/ZMSScreen_small.jpg"/>
					</lang>
				</img>
				<format><![CDATA[caption]]></format>
				<text>
					<lang><![CDATA[Bildausrichtung: rechts mit Umfluss; Legenden-Ausrichtung: Rechts; Legenden-Position: links]]></lang>
				</text>
				<align><![CDATA[RIGHT_FLOAT]]></align>
				<img_attrs_spec><![CDATA[title=""]]></img_attrs_spec>
				<displaytype>6</displaytype>
				<active>
					<lang>1</lang>
				</active>
				<textalign><![CDATA[RIGHT]]></textalign>
				<imghires>
					<lang>
						<data width="350" height="246" content_type="image/jpeg" filename="resources/ZMSScreen.jpg"/>
					</lang>
				</imghires>
			</ZMSGraphic>
			<ZMSTextarea>
				<format><![CDATA[wysiwyg]]></format>
				<text>
					<lang><![CDATA[<p>Lorem ipsum dolor sit amet, consectetur adipisicing elit, sed do eiusmod tempor incididunt ut labore et dolore magna aliqua. Ut enim ad minim veniam, quis nostrud exercitation ullamco laboris nisi ut aliquip ex ea commodo consequat. Duis aute irure dolor in reprehenderit in voluptate velit esse cillum dolore eu fugiat nulla pariatur. Excepteur sint occaecat cupidatat non proident, sunt in culpa qui officia deserunt mollit anim id est laborum.</p>]]></lang>
				</text>
				<active>
					<lang>1</lang>
				</active>
			</ZMSTextarea>
			<ZMSGraphic id="e103">
				<img>
					<lang>
						<data width="175" height="123" content_type="image/jpeg" filename="resources/ZMSScreen_small.jpg"/>
					</lang>
				</img>
				<format><![CDATA[caption]]></format>
				<text>
					<lang><![CDATA[Bildausrichtung rechts ohne Umfluss; Legenden-Ausrichtung: Links;  Legenden-Position: links]]></lang>
				</text>
				<align><![CDATA[RIGHT]]></align>
				<img_attrs_spec><![CDATA[title=""]]></img_attrs_spec>
				<displaytype>6</displaytype>
				<active>
					<lang>1</lang>
				</active>
				<textalign><![CDATA[LEFT]]></textalign>
				<imghires>
					<lang>
						<data width="350" height="246" content_type="image/jpeg" filename="resources/ZMSScreen.jpg"/>
					</lang>
				</imghires>
			</ZMSGraphic>
			<ZMSTextarea>
				<format><![CDATA[wysiwyg]]></format>
				<text>
					<lang><![CDATA[<p>Lorem ipsum dolor sit amet, consectetur adipisicing elit, sed do eiusmod tempor incididunt ut labore et dolore magna aliqua. Ut enim ad minim veniam, quis nostrud exercitation ullamco laboris nisi ut aliquip ex ea commodo consequat. Duis aute irure dolor in reprehenderit in voluptate velit esse cillum dolore eu fugiat nulla pariatur. Excepteur sint occaecat cupidatat non proident, sunt in culpa qui officia deserunt mollit anim id est laborum.</p>]]></lang>
				</text>
				<active>
					<lang>1</lang>
				</active>
			</ZMSTextarea>
			<ZMSGraphic id="e105">
				<img>
					<lang>
						<data width="175" height="123" content_type="image/jpeg" filename="resources/ZMSScreen_small.jpg"/>
					</lang>
				</img>
				<format><![CDATA[caption]]></format>
				<text>
					<lang><![CDATA[Bildausrichtung links mit Umfluss; Legenden-Ausrichtung: mittig; Legenden-Position: unten]]></lang>
				</text>
				<align><![CDATA[LEFT_FLOAT]]></align>
				<img_attrs_spec><![CDATA[title=""]]></img_attrs_spec>
				<displaytype>2</displaytype>
				<active>
					<lang>1</lang>
				</active>
				<textalign><![CDATA[CENTER]]></textalign>
				<imghires>
					<lang>
						<data width="350" height="246" content_type="image/jpeg" filename="resources/ZMSScreen.jpg"/>
					</lang>
				</imghires>
			</ZMSGraphic>
			<ZMSTextarea>
				<format><![CDATA[wysiwyg]]></format>
				<text>
					<lang><![CDATA[<p>Lorem ipsum dolor sit amet, consectetur adipisicing elit, sed do eiusmod tempor incididunt ut labore et dolore magna aliqua. Ut enim ad minim veniam, quis nostrud exercitation ullamco laboris nisi ut aliquip ex ea commodo consequat. Duis aute irure dolor in reprehenderit in voluptate velit esse cillum dolore eu fugiat nulla pariatur. Excepteur sint occaecat cupidatat non proident, sunt in culpa qui officia deserunt mollit anim id est laborum.</p>]]></lang>
				</text>
				<active>
					<lang>1</lang>
				</active>
			</ZMSTextarea>
		</ZMSDocument>
	</ZMSFolder>
	<ZMSFolder id="e1267">
		<title>
			<lang><![CDATA[Summary of the ZMS concept]]></lang>
		</title>
		<titlealt>
			<lang><![CDATA[Concept]]></lang>
		</titlealt>
		<attr_dc_description>
			<lang><![CDATA[ZMS uses the open source application server ZOPE and is optimised for the building of structured contents. This system facilitates the editorial process by prescribing a homogenous concept for the structure and the development of internet documents (design pattern approach). ZMS makes the "one click publishing" also possible for the inexperienced user by the direct entering of contents in a web form.]]></lang>
		</attr_dc_description>
		<active>
			<lang>1</lang>
		</active>
		<ZMSTextarea>
			<format><![CDATA[wysiwyg]]></format>
			<text>
				<lang><![CDATA[<p>Lorem ipsum dolor sit amet, consectetur adipisicing elit, sed do eiusmod tempor incididunt ut labore et dolore magna aliqua. Ut enim ad minim veniam, quis nostrud exercitation ullamco laboris nisi ut aliquip ex ea commodo consequat. Duis aute irure dolor in reprehenderit in voluptate velit esse cillum dolore eu fugiat nulla pariatur. Excepteur sint occaecat cupidatat non proident, sunt in culpa qui officia deserunt mollit anim id est laborum.</p>]]></lang>
			</text>
			<active>
				<lang>1</lang>
			</active>
		</ZMSTextarea>
		<ZMSDocument id="e1269">
			<title>
				<lang><![CDATA[Document-1.1]]></lang>
			</title>
			<titlealt>
				<lang><![CDATA[Document-1.1]]></lang>
			</titlealt>
			<active>
				<lang>1</lang>
			</active>
			<ZMSTextarea>
				<format><![CDATA[wysiwyg]]></format>
				<text>
					<lang><![CDATA[<p>Lorem ipsum dolor sit amet, consectetur adipisicing elit, sed do eiusmod tempor incididunt ut labore et dolore magna aliqua. Ut enim ad minim veniam, quis nostrud exercitation ullamco laboris nisi ut aliquip ex ea commodo consequat. Duis aute irure dolor in reprehenderit in voluptate velit esse cillum dolore eu fugiat nulla pariatur. Excepteur sint occaecat cupidatat non proident, sunt in culpa qui officia deserunt mollit anim id est laborum.</p>]]></lang>
				</text>
				<active>
					<lang>1</lang>
				</active>
			</ZMSTextarea>
			<ZMSTextarea>
				<format><![CDATA[wysiwyg]]></format>
				<text>
					<lang><![CDATA[<p>Lorem ipsum dolor sit amet, consectetur adipisicing elit, sed do eiusmod tempor incididunt ut labore et dolore magna aliqua. Ut enim ad minim veniam, quis nostrud exercitation ullamco laboris nisi ut aliquip ex ea commodo consequat. Duis aute irure dolor in reprehenderit in voluptate velit esse cillum dolore eu fugiat nulla pariatur. Excepteur sint occaecat cupidatat non proident, sunt in culpa qui officia deserunt mollit anim id est laborum.</p>]]></lang>
				</text>
				<active>
					<lang>1</lang>
				</active>
			</ZMSTextarea>
		</ZMSDocument>
		<ZMSDocument id="e1272">
			<title>
				<lang><![CDATA[Document-1.2]]></lang>
			</title>
			<titlealt>
				<lang><![CDATA[Document-1.2]]></lang>
			</titlealt>
			<active>
				<lang>1</lang>
			</active>
			<ZMSTextarea>
				<format><![CDATA[wysiwyg]]></format>
				<text>
					<lang><![CDATA[<p>Lorem ipsum dolor sit amet, consectetur adipisicing elit, sed do eiusmod tempor incididunt ut labore et dolore magna aliqua. Ut enim ad minim veniam, quis nostrud exercitation ullamco laboris nisi ut aliquip ex ea commodo consequat. Duis aute irure dolor in reprehenderit in voluptate velit esse cillum dolore eu fugiat nulla pariatur. Excepteur sint occaecat cupidatat non proident, sunt in culpa qui officia deserunt mollit anim id est laborum.</p>]]></lang>
				</text>
				<active>
					<lang>1</lang>
				</active>
			</ZMSTextarea>
			<ZMSGraphic id="e1274">
				<img>
					<lang>
						<data width="175" height="123" content_type="image/jpeg" filename="resources/ZMSScreen_small.jpg"/>
					</lang>
				</img>
				<format><![CDATA[caption]]></format>
				<text>
					<lang><![CDATA[Bildausrichtung: links ohne Umfluss; Legenden-Ausrichtung: links; Legenden-Position: unten]]></lang>
				</text>
				<align><![CDATA[LEFT]]></align>
				<img_attrs_spec><![CDATA[title=""]]></img_attrs_spec>
				<displaytype>2</displaytype>
				<active>
					<lang>1</lang>
				</active>
				<textalign><![CDATA[LEFT]]></textalign>
				<imghires>
					<lang>
						<data width="350" height="246" content_type="image/jpeg" filename="resources/ZMSScreen.jpg"/>
					</lang>
				</imghires>
			</ZMSGraphic>
			<ZMSTextarea>
				<format><![CDATA[wysiwyg]]></format>
				<text>
					<lang><![CDATA[<p>Lorem ipsum dolor sit amet, consectetur adipisicing elit, sed do eiusmod tempor incididunt ut labore et dolore magna aliqua. Ut enim ad minim veniam, quis nostrud exercitation ullamco laboris nisi ut aliquip ex ea commodo consequat. Duis aute irure dolor in reprehenderit in voluptate velit esse cillum dolore eu fugiat nulla pariatur. Excepteur sint occaecat cupidatat non proident, sunt in culpa qui officia deserunt mollit anim id est laborum.</p>]]></lang>
				</text>
				<active>
					<lang>1</lang>
				</active>
			</ZMSTextarea>
			<ZMSGraphic id="e1276">
				<img>
					<lang>
						<data width="175" height="123" content_type="image/jpeg" filename="resources/ZMSScreen_small.jpg"/>
					</lang>
				</img>
				<format><![CDATA[caption]]></format>
				<text>
					<lang><![CDATA[Bildausrichtung: mittig; Legenden-Ausrichtung: rechts; Legenden-Position: unten]]></lang>
				</text>
				<align><![CDATA[CENTER]]></align>
				<img_attrs_spec><![CDATA[title=""]]></img_attrs_spec>
				<displaytype>2</displaytype>
				<active>
					<lang>1</lang>
				</active>
				<textalign><![CDATA[RIGHT]]></textalign>
				<imghires>
					<lang>
						<data width="350" height="246" content_type="image/jpeg" filename="resources/ZMSScreen.jpg"/>
					</lang>
				</imghires>
			</ZMSGraphic>
			<ZMSTextarea>
				<format><![CDATA[wysiwyg]]></format>
				<text>
					<lang><![CDATA[<p>Lorem ipsum dolor sit amet, consectetur adipisicing elit, sed do eiusmod tempor incididunt ut labore et dolore magna aliqua. Ut enim ad minim veniam, quis nostrud exercitation ullamco laboris nisi ut aliquip ex ea commodo consequat. Duis aute irure dolor in reprehenderit in voluptate velit esse cillum dolore eu fugiat nulla pariatur. Excepteur sint occaecat cupidatat non proident, sunt in culpa qui officia deserunt mollit anim id est laborum.</p>]]></lang>
				</text>
				<active>
					<lang>1</lang>
				</active>
			</ZMSTextarea>
			<ZMSGraphic id="e1278">
				<img>
					<lang>
						<data width="175" height="123" content_type="image/jpeg" filename="resources/ZMSScreen_small.jpg"/>
					</lang>
				</img>
				<format><![CDATA[caption]]></format>
				<text>
					<lang><![CDATA[Bildausrichtung: links mit Umfluss; Legenden-Ausrichtung: Links; Legenden-Position: rechts]]></lang>
				</text>
				<align><![CDATA[LEFT_FLOAT]]></align>
				<img_attrs_spec><![CDATA[title=""]]></img_attrs_spec>
				<displaytype>5</displaytype>
				<active>
					<lang>1</lang>
				</active>
				<textalign><![CDATA[LEFT]]></textalign>
				<imghires>
					<lang>
						<data width="350" height="246" content_type="image/jpeg" filename="resources/ZMSScreen.jpg"/>
					</lang>
				</imghires>
			</ZMSGraphic>
			<ZMSTextarea>
				<format><![CDATA[wysiwyg]]></format>
				<text>
					<lang><![CDATA[<p>Lorem ipsum dolor sit amet, consectetur adipisicing elit, sed do eiusmod tempor incididunt ut labore et dolore magna aliqua. Ut enim ad minim veniam, quis nostrud exercitation ullamco laboris nisi ut aliquip ex ea commodo consequat. Duis aute irure dolor in reprehenderit in voluptate velit esse cillum dolore eu fugiat nulla pariatur. Excepteur sint occaecat cupidatat non proident, sunt in culpa qui officia deserunt mollit anim id est laborum.</p>]]></lang>
				</text>
				<active>
					<lang>1</lang>
				</active>
			</ZMSTextarea>
			<ZMSGraphic id="e1280">
				<img>
					<lang>
						<data width="175" height="123" content_type="image/jpeg" filename="resources/ZMSScreen_small.jpg"/>
					</lang>
				</img>
				<format><![CDATA[caption]]></format>
				<text>
					<lang><![CDATA[Bildausrichtung: rechts mit Umfluss; Legenden-Ausrichtung: Rechts; Legenden-Position: links]]></lang>
				</text>
				<align><![CDATA[RIGHT_FLOAT]]></align>
				<img_attrs_spec><![CDATA[title=""]]></img_attrs_spec>
				<displaytype>6</displaytype>
				<active>
					<lang>1</lang>
				</active>
				<textalign><![CDATA[RIGHT]]></textalign>
				<imghires>
					<lang>
						<data width="350" height="246" content_type="image/jpeg" filename="resources/ZMSScreen.jpg"/>
					</lang>
				</imghires>
			</ZMSGraphic>
			<ZMSTextarea>
				<format><![CDATA[wysiwyg]]></format>
				<text>
					<lang><![CDATA[<p>Lorem ipsum dolor sit amet, consectetur adipisicing elit, sed do eiusmod tempor incididunt ut labore et dolore magna aliqua. Ut enim ad minim veniam, quis nostrud exercitation ullamco laboris nisi ut aliquip ex ea commodo consequat. Duis aute irure dolor in reprehenderit in voluptate velit esse cillum dolore eu fugiat nulla pariatur. Excepteur sint occaecat cupidatat non proident, sunt in culpa qui officia deserunt mollit anim id est laborum.</p>]]></lang>
				</text>
				<active>
					<lang>1</lang>
				</active>
			</ZMSTextarea>
			<ZMSGraphic id="e1282">
				<img>
					<lang>
						<data width="175" height="123" content_type="image/jpeg" filename="resources/ZMSScreen_small.jpg"/>
					</lang>
				</img>
				<format><![CDATA[caption]]></format>
				<text>
					<lang><![CDATA[Bildausrichtung rechts ohne Umfluss; Legenden-Ausrichtung: Links;  Legenden-Position: links]]></lang>
				</text>
				<align><![CDATA[RIGHT]]></align>
				<img_attrs_spec><![CDATA[title=""]]></img_attrs_spec>
				<displaytype>6</displaytype>
				<active>
					<lang>1</lang>
				</active>
				<textalign><![CDATA[LEFT]]></textalign>
				<imghires>
					<lang>
						<data width="350" height="246" content_type="image/jpeg" filename="resources/ZMSScreen.jpg"/>
					</lang>
				</imghires>
			</ZMSGraphic>
			<ZMSTextarea>
				<format><![CDATA[wysiwyg]]></format>
				<text>
					<lang><![CDATA[<p>Lorem ipsum dolor sit amet, consectetur adipisicing elit, sed do eiusmod tempor incididunt ut labore et dolore magna aliqua. Ut enim ad minim veniam, quis nostrud exercitation ullamco laboris nisi ut aliquip ex ea commodo consequat. Duis aute irure dolor in reprehenderit in voluptate velit esse cillum dolore eu fugiat nulla pariatur. Excepteur sint occaecat cupidatat non proident, sunt in culpa qui officia deserunt mollit anim id est laborum.</p>]]></lang>
				</text>
				<active>
					<lang>1</lang>
				</active>
			</ZMSTextarea>
			<ZMSGraphic id="e1284">
				<img>
					<lang>
						<data width="175" height="123" content_type="image/jpeg" filename="resources/ZMSScreen_small.jpg"/>
					</lang>
				</img>
				<format><![CDATA[caption]]></format>
				<text>
					<lang><![CDATA[Bildausrichtung links mit Umfluss; Legenden-Ausrichtung: mittig; Legenden-Position: unten]]></lang>
				</text>
				<align><![CDATA[LEFT_FLOAT]]></align>
				<img_attrs_spec><![CDATA[title=""]]></img_attrs_spec>
				<displaytype>2</displaytype>
				<active>
					<lang>1</lang>
				</active>
				<textalign><![CDATA[CENTER]]></textalign>
				<imghires>
					<lang>
						<data width="350" height="246" content_type="image/jpeg" filename="resources/ZMSScreen.jpg"/>
					</lang>
				</imghires>
			</ZMSGraphic>
			<ZMSTextarea>
				<format><![CDATA[wysiwyg]]></format>
				<text>
					<lang><![CDATA[<p>Lorem ipsum dolor sit amet, consectetur adipisicing elit, sed do eiusmod tempor incididunt ut labore et dolore magna aliqua. Ut enim ad minim veniam, quis nostrud exercitation ullamco laboris nisi ut aliquip ex ea commodo consequat. Duis aute irure dolor in reprehenderit in voluptate velit esse cillum dolore eu fugiat nulla pariatur. Excepteur sint occaecat cupidatat non proident, sunt in culpa qui officia deserunt mollit anim id est laborum.</p>]]></lang>
				</text>
				<active>
					<lang>1</lang>
				</active>
			</ZMSTextarea>
		</ZMSDocument>
	</ZMSFolder>
	<ZMSFolder id="e1286">
		<title>
			<lang><![CDATA[Application scenarios and case studies]]></lang>
		</title>
		<titlealt>
			<lang><![CDATA[Case Studies]]></lang>
		</titlealt>
		<attr_dc_description>
			<lang><![CDATA[The ZMS framework allows the user from the beginning a professional management of its contents. This has been proved in many national and international projects so far.]]></lang>
		</attr_dc_description>
		<active>
			<lang>1</lang>
		</active>
		<ZMSTextarea>
			<format><![CDATA[wysiwyg]]></format>
			<text>
				<lang><![CDATA[<p>Lorem ipsum dolor sit amet, consectetur adipisicing elit, sed do eiusmod tempor incididunt ut labore et dolore magna aliqua. Ut enim ad minim veniam, quis nostrud exercitation ullamco laboris nisi ut aliquip ex ea commodo consequat. Duis aute irure dolor in reprehenderit in voluptate velit esse cillum dolore eu fugiat nulla pariatur. Excepteur sint occaecat cupidatat non proident, sunt in culpa qui officia deserunt mollit anim id est laborum.</p>]]></lang>
			</text>
			<active>
				<lang>1</lang>
			</active>
		</ZMSTextarea>
		<ZMSDocument id="e1288">
			<title>
				<lang><![CDATA[Document-2.1]]></lang>
			</title>
			<titlealt>
				<lang><![CDATA[Document-2.1]]></lang>
			</titlealt>
			<active>
				<lang>1</lang>
			</active>
			<ZMSTextarea>
				<format><![CDATA[wysiwyg]]></format>
				<text>
					<lang><![CDATA[<p>Lorem ipsum dolor sit amet, consectetur adipisicing elit, sed do eiusmod tempor incididunt ut labore et dolore magna aliqua. Ut enim ad minim veniam, quis nostrud exercitation ullamco laboris nisi ut aliquip ex ea commodo consequat. Duis aute irure dolor in reprehenderit in voluptate velit esse cillum dolore eu fugiat nulla pariatur. Excepteur sint occaecat cupidatat non proident, sunt in culpa qui officia deserunt mollit anim id est laborum.</p>]]></lang>
				</text>
				<active>
					<lang>1</lang>
				</active>
			</ZMSTextarea>
		</ZMSDocument>
	</ZMSFolder>
	<ZMSFolder id="e1290">
		<title>
			<lang><![CDATA[ZMS Download]]></lang>
		</title>
		<titlealt>
			<lang><![CDATA[Download]]></lang>
		</titlealt>
		<attr_dc_description>
			<lang><![CDATA[ZMS is open-source software and applies to the GNU General Public License; downloading ZMS you agree to this licence.]]></lang>
		</attr_dc_description>
		<active>
			<lang>1</lang>
		</active>
		<ZMSTextarea>
			<format><![CDATA[wysiwyg]]></format>
			<text>
				<lang><![CDATA[<p>Lorem ipsum dolor sit amet, consectetur adipisicing elit, sed do eiusmod tempor incididunt ut labore et dolore magna aliqua. Ut enim ad minim veniam, quis nostrud exercitation ullamco laboris nisi ut aliquip ex ea commodo consequat. Duis aute irure dolor in reprehenderit in voluptate velit esse cillum dolore eu fugiat nulla pariatur. Excepteur sint occaecat cupidatat non proident, sunt in culpa qui officia deserunt mollit anim id est laborum.</p>]]></lang>
			</text>
			<active>
				<lang>1</lang>
			</active>
		</ZMSTextarea>
		<ZMSDocument id="e1292">
			<title>
				<lang><![CDATA[Document-3.1]]></lang>
			</title>
			<titlealt>
				<lang><![CDATA[Document-3.1]]></lang>
			</titlealt>
			<active>
				<lang>1</lang>
			</active>
			<ZMSTextarea>
				<format><![CDATA[wysiwyg]]></format>
				<text>
					<lang><![CDATA[<p>Lorem ipsum dolor sit amet, consectetur adipisicing elit, sed do eiusmod tempor incididunt ut labore et dolore magna aliqua. Ut enim ad minim veniam, quis nostrud exercitation ullamco laboris nisi ut aliquip ex ea commodo consequat. Duis aute irure dolor in reprehenderit in voluptate velit esse cillum dolore eu fugiat nulla pariatur. Excepteur sint occaecat cupidatat non proident, sunt in culpa qui officia deserunt mollit anim id est laborum.</p>]]></lang>
				</text>
				<active>
					<lang>1</lang>
				</active>
			</ZMSTextarea>
		</ZMSDocument>
	</ZMSFolder>
	<ZMSFolder id="e1294">
		<title>
			<lang><![CDATA[ZMS Academy]]></lang>
		</title>
		<titlealt>
			<lang><![CDATA[Academy]]></lang>
		</titlealt>
		<attr_dc_description>
			<lang><![CDATA[Behind ZMS stands a conceptional approach for an efficient and low cost production of websites or web documents. You get to know this approach in detail in the courses of the ZMS academy.]]></lang>
		</attr_dc_description>
		<active>
			<lang>1</lang>
		</active>
		<ZMSTextarea>
			<format><![CDATA[wysiwyg]]></format>
			<text>
				<lang><![CDATA[<p>Lorem ipsum dolor sit amet, consectetur adipisicing elit, sed do eiusmod tempor incididunt ut labore et dolore magna aliqua. Ut enim ad minim veniam, quis nostrud exercitation ullamco laboris nisi ut aliquip ex ea commodo consequat. Duis aute irure dolor in reprehenderit in voluptate velit esse cillum dolore eu fugiat nulla pariatur. Excepteur sint occaecat cupidatat non proident, sunt in culpa qui officia deserunt mollit anim id est laborum.</p>]]></lang>
			</text>
			<active>
				<lang>1</lang>
			</active>
		</ZMSTextarea>
		<ZMSDocument id="e1296">
			<title>
				<lang><![CDATA[Document-4.1]]></lang>
			</title>
			<titlealt>
				<lang><![CDATA[Document-4.1]]></lang>
			</titlealt>
			<active>
				<lang>1</lang>
			</active>
			<ZMSTextarea>
				<format><![CDATA[wysiwyg]]></format>
				<text>
					<lang><![CDATA[<p>Lorem ipsum dolor sit amet, consectetur adipisicing elit, sed do eiusmod tempor incididunt ut labore et dolore magna aliqua. Ut enim ad minim veniam, quis nostrud exercitation ullamco laboris nisi ut aliquip ex ea commodo consequat. Duis aute irure dolor in reprehenderit in voluptate velit esse cillum dolore eu fugiat nulla pariatur. Excepteur sint occaecat cupidatat non proident, sunt in culpa qui officia deserunt mollit anim id est laborum.</p>]]></lang>
				</text>
				<active>
					<lang>1</lang>
				</active>
			</ZMSTextarea>
		</ZMSDocument>
		<ZMSDocument id="e1298">
			<title>
				<lang><![CDATA[Document-4.2]]></lang>
			</title>
			<titlealt>
				<lang><![CDATA[Document-4.2]]></lang>
			</titlealt>
			<active>
				<lang>1</lang>
			</active>
			<ZMSTextarea>
				<format><![CDATA[wysiwyg]]></format>
				<text>
					<lang><![CDATA[<p>Lorem ipsum dolor sit amet, consectetur adipisicing elit, sed do eiusmod tempor incididunt ut labore et dolore magna aliqua. Ut enim ad minim veniam, quis nostrud exercitation ullamco laboris nisi ut aliquip ex ea commodo consequat. Duis aute irure dolor in reprehenderit in voluptate velit esse cillum dolore eu fugiat nulla pariatur. Excepteur sint occaecat cupidatat non proident, sunt in culpa qui officia deserunt mollit anim id est laborum.</p>]]></lang>
				</text>
				<active>
					<lang>1</lang>
				</active>
			</ZMSTextarea>
		</ZMSDocument>
		<ZMSDocument>
			<title>
				<lang><![CDATA[Document-4.3]]></lang>
			</title>
			<titlealt>
				<lang><![CDATA[Document-4.3]]></lang>
			</titlealt>
			<active>
				<lang>1</lang>
			</active>
			<ZMSTextarea>
				<format><![CDATA[wysiwyg]]></format>
				<text>
					<lang><![CDATA[<p>Lorem ipsum dolor sit amet, consectetur adipisicing elit, sed do eiusmod tempor incididunt ut labore et dolore magna aliqua. Ut enim ad minim veniam, quis nostrud exercitation ullamco laboris nisi ut aliquip ex ea commodo consequat. Duis aute irure dolor in reprehenderit in voluptate velit esse cillum dolore eu fugiat nulla pariatur. Excepteur sint occaecat cupidatat non proident, sunt in culpa qui officia deserunt mollit anim id est laborum.</p>]]></lang>
				</text>
				<active>
					<lang>1</lang>
				</active>
			</ZMSTextarea>
		</ZMSDocument>
		<ZMSDocument>
			<title>
				<lang><![CDATA[Document-4.4]]></lang>
			</title>
			<titlealt>
				<lang><![CDATA[Document-4.4]]></lang>
			</titlealt>
			<active>
				<lang>1</lang>
			</active>
			<ZMSTextarea>
				<format><![CDATA[wysiwyg]]></format>
				<text>
					<lang><![CDATA[<p>Lorem ipsum dolor sit amet, consectetur adipisicing elit, sed do eiusmod tempor incididunt ut labore et dolore magna aliqua. Ut enim ad minim veniam, quis nostrud exercitation ullamco laboris nisi ut aliquip ex ea commodo consequat. Duis aute irure dolor in reprehenderit in voluptate velit esse cillum dolore eu fugiat nulla pariatur. Excepteur sint occaecat cupidatat non proident, sunt in culpa qui officia deserunt mollit anim id est laborum.</p>]]></lang>
				</text>
				<active>
					<lang>1</lang>
				</active>
			</ZMSTextarea>
		</ZMSDocument>
		<ZMSDocument>
			<title>
				<lang><![CDATA[Document-4.5]]></lang>
			</title>
			<titlealt>
				<lang><![CDATA[Document-4.5]]></lang>
			</titlealt>
			<active>
				<lang>1</lang>
			</active>
			<ZMSTextarea>
				<format><![CDATA[wysiwyg]]></format>
				<text>
					<lang><![CDATA[<p>Lorem ipsum dolor sit amet, consectetur adipisicing elit, sed do eiusmod tempor incididunt ut labore et dolore magna aliqua. Ut enim ad minim veniam, quis nostrud exercitation ullamco laboris nisi ut aliquip ex ea commodo consequat. Duis aute irure dolor in reprehenderit in voluptate velit esse cillum dolore eu fugiat nulla pariatur. Excepteur sint occaecat cupidatat non proident, sunt in culpa qui officia deserunt mollit anim id est laborum.</p>]]></lang>
				</text>
				<active>
					<lang>1</lang>
				</active>
			</ZMSTextarea>
		</ZMSDocument>
		<ZMSDocument>
			<title>
				<lang><![CDATA[Document-4.6]]></lang>
			</title>
			<titlealt>
				<lang><![CDATA[Document-4.6]]></lang>
			</titlealt>
			<active>
				<lang>1</lang>
			</active>
			<ZMSTextarea>
				<format><![CDATA[wysiwyg]]></format>
				<text>
					<lang><![CDATA[<p>Lorem ipsum dolor sit amet, consectetur adipisicing elit, sed do eiusmod tempor incididunt ut labore et dolore magna aliqua. Ut enim ad minim veniam, quis nostrud exercitation ullamco laboris nisi ut aliquip ex ea commodo consequat. Duis aute irure dolor in reprehenderit in voluptate velit esse cillum dolore eu fugiat nulla pariatur. Excepteur sint occaecat cupidatat non proident, sunt in culpa qui officia deserunt mollit anim id est laborum.</p>]]></lang>
				</text>
				<active>
					<lang>1</lang>
				</active>
			</ZMSTextarea>
		</ZMSDocument>
		<ZMSDocument>
			<title>
				<lang><![CDATA[Document-4.7]]></lang>
			</title>
			<titlealt>
				<lang><![CDATA[Document-4.7]]></lang>
			</titlealt>
			<active>
				<lang>1</lang>
			</active>
			<ZMSTextarea>
				<format><![CDATA[wysiwyg]]></format>
				<text>
					<lang><![CDATA[<p>Lorem ipsum dolor sit amet, consectetur adipisicing elit, sed do eiusmod tempor incididunt ut labore et dolore magna aliqua. Ut enim ad minim veniam, quis nostrud exercitation ullamco laboris nisi ut aliquip ex ea commodo consequat. Duis aute irure dolor in reprehenderit in voluptate velit esse cillum dolore eu fugiat nulla pariatur. Excepteur sint occaecat cupidatat non proident, sunt in culpa qui officia deserunt mollit anim id est laborum.</p>]]></lang>
				</text>
				<active>
					<lang>1</lang>
				</active>
			</ZMSTextarea>
		</ZMSDocument>
		<ZMSDocument>
			<title>
				<lang><![CDATA[Document-4.8]]></lang>
			</title>
			<titlealt>
				<lang><![CDATA[Document-4.8]]></lang>
			</titlealt>
			<active>
				<lang>1</lang>
			</active>
			<ZMSTextarea>
				<format><![CDATA[wysiwyg]]></format>
				<text>
					<lang><![CDATA[<p>Lorem ipsum dolor sit amet, consectetur adipisicing elit, sed do eiusmod tempor incididunt ut labore et dolore magna aliqua. Ut enim ad minim veniam, quis nostrud exercitation ullamco laboris nisi ut aliquip ex ea commodo consequat. Duis aute irure dolor in reprehenderit in voluptate velit esse cillum dolore eu fugiat nulla pariatur. Excepteur sint occaecat cupidatat non proident, sunt in culpa qui officia deserunt mollit anim id est laborum.</p>]]></lang>
				</text>
				<active>
					<lang>1</lang>
				</active>
			</ZMSTextarea>
		</ZMSDocument>
		<ZMSDocument>
			<title>
				<lang><![CDATA[Document-4.9]]></lang>
			</title>
			<titlealt>
				<lang><![CDATA[Document-4.9]]></lang>
			</titlealt>
			<active>
				<lang>1</lang>
			</active>
			<ZMSTextarea>
				<format><![CDATA[wysiwyg]]></format>
				<text>
					<lang><![CDATA[<p>Lorem ipsum dolor sit amet, consectetur adipisicing elit, sed do eiusmod tempor incididunt ut labore et dolore magna aliqua. Ut enim ad minim veniam, quis nostrud exercitation ullamco laboris nisi ut aliquip ex ea commodo consequat. Duis aute irure dolor in reprehenderit in voluptate velit esse cillum dolore eu fugiat nulla pariatur. Excepteur sint occaecat cupidatat non proident, sunt in culpa qui officia deserunt mollit anim id est laborum.</p>]]></lang>
				</text>
				<active>
					<lang>1</lang>
				</active>
			</ZMSTextarea>
		</ZMSDocument>
		<ZMSDocument>
			<title>
				<lang><![CDATA[Document-4.10]]></lang>
			</title>
			<titlealt>
				<lang><![CDATA[Document-4.10]]></lang>
			</titlealt>
			<active>
				<lang>1</lang>
			</active>
			<ZMSTextarea>
				<format><![CDATA[headline_2]]></format>
				<text>
					<lang><![CDATA[Der Hexenmeister]]></lang>
				</text>
				<active>
					<lang>1</lang>
				</active>
			</ZMSTextarea>
			<ZMSTextarea>
				<format><![CDATA[body]]></format>
				<text>
					<lang><![CDATA[Hat der alte Hexenmeister
Sich doch einmal wegbegeben!
Und nun sollen seine Geister
Auch nach meinem Willen leben.
Seine Wort und Werke
Merkt ich und den Brauch,
Und mit Geistesstärke
Tu ich Wunder auch.]]></lang>
				</text>
				<active>
					<lang>1</lang>
				</active>
			</ZMSTextarea>
			<ZMSTextarea>
				<format><![CDATA[body]]></format>
				<text>
					<lang><![CDATA[Walle! walle
    Manche Strecke,
    Daß, zum Zwecke,
    Wasser fließe
    Und mit reichem, vollem Schwalle
    Zu dem Bade sich ergieße.]]></lang>
				</text>
				<active>
					<lang>1</lang>
				</active>
			</ZMSTextarea>
			<ZMSTextarea>
				<format><![CDATA[body]]></format>
				<text>
					<lang><![CDATA[Und nun komm, du alter Besen,
Nimm die schlechten Lumpenhüllen!
Bist schon lange Knecht gewesen:
Nun erfülle meinen Willen!
Auf zwei Beinen stehe,
Oben sei ein Kopf,
Eile nun und gehe
Mit dem Wassertopf!]]></lang>
				</text>
				<active>
					<lang>1</lang>
				</active>
			</ZMSTextarea>
			<ZMSTextarea>
				<format><![CDATA[body]]></format>
				<text>
					<lang><![CDATA[Walle! walle
    Manche Strecke,
    Daß, zum Zwecke,
    Wasser fließe
    Und mit reichem, vollem Schwalle
    Zu dem Bade sich ergieße.]]></lang>
				</text>
				<active>
					<lang>1</lang>
				</active>
			</ZMSTextarea>
			<ZMSTextarea>
				<format><![CDATA[body]]></format>
				<text>
					<lang><![CDATA[Seht, er läuft zum Ufer nieder!
Wahrlich! ist schon an dem Flusse,
Und mit Blitzesschnelle wieder
Ist er hier mit raschem Gusse.
Schon zum zweiten Male!
Wie das Becken schwillt!
Wie sich jede Schale
Voll mit Wasser füllt!]]></lang>
				</text>
				<active>
					<lang>1</lang>
				</active>
			</ZMSTextarea>
			<ZMSTextarea>
				<format><![CDATA[body]]></format>
				<text>
					<lang><![CDATA[Stehe! stehe!
    Denn wir haben
    Deiner Gaben
    Vollgemessen! -
    Ach, ich merk es! Wehe! wehe!
    Hab ich doch das Wort vergessen!
	 ]]></lang>
				</text>
				<active>
					<lang>1</lang>
				</active>
			</ZMSTextarea>
			<ZMSTextarea>
				<format><![CDATA[body]]></format>
				<text>
					<lang><![CDATA[Ach, das Wort, worauf am Ende
Er das wird, was er gewesen!
Ach, er läuft und bringt behende!
Wärst du doch der alte Besen!
Immer neue Güsse
Bringt er schnell herein,
Ach, und hundert Flüsse
Stürzen auf mich ein!]]></lang>
				</text>
				<active>
					<lang>1</lang>
				</active>
			</ZMSTextarea>
			<ZMSTextarea>
				<format><![CDATA[body]]></format>
				<text>
					<lang><![CDATA[Nein, nicht länger
    Kann ichs lassen:
    Will ihn fassen!
    Das ist Tücke!
    Ach! Nun wird mir immer bänger!
    Welche Miene! welche Blicke!]]></lang>
				</text>
				<active>
					<lang>1</lang>
				</active>
			</ZMSTextarea>
			<ZMSTextarea>
				<format><![CDATA[body]]></format>
				<text>
					<lang><![CDATA[O, du Ausgeburt der Hölle!
Soll das ganze Haus ersaufen?
Seh ich über jede Schwelle
Doch schon Wasserströme laufen.
Ein verruchter Besen,
Der nicht hören will!
Stock, der du gewesen,
Steh doch wieder still!]]></lang>
				</text>
				<active>
					<lang>1</lang>
				</active>
			</ZMSTextarea>
			<ZMSTextarea>
				<format><![CDATA[body]]></format>
				<text>
					<lang><![CDATA[Willst's am Ende
    Gar nicht lassen?
    Will dich fassen,
    Will dich halten
    Und das alte Holz behende
    Mit dem scharfen Beile spalten!]]></lang>
				</text>
				<active>
					<lang>1</lang>
				</active>
			</ZMSTextarea>
			<ZMSTextarea>
				<format><![CDATA[body]]></format>
				<text>
					<lang><![CDATA[Seht, da kommt er schleppend wieder!
Wie ich mich nur auf dich werfe,
Gleich, o Kobold, liegst du nieder;
Krachend trifft die glatte Schärfe.
Wahrlich! brav getroffen!
Seht, er ist entzwei!
Und nun kann ich hoffen,
Und ich atme frei!]]></lang>
				</text>
				<active>
					<lang>1</lang>
				</active>
			</ZMSTextarea>
			<ZMSTextarea>
				<format><![CDATA[body]]></format>
				<text>
					<lang><![CDATA[Wehe! wehe!
    Beide Teile
    Stehn in Eile
    Schon als Knechte
    Völlig fertig in die Höhe!
    Helft mir, ach! ihr hohen Mächte!]]></lang>
				</text>
				<active>
					<lang>1</lang>
				</active>
			</ZMSTextarea>
			<ZMSTextarea>
				<format><![CDATA[body]]></format>
				<text>
					<lang><![CDATA[Und sie laufen! Naß und nässer
Wirds im Saal und auf den Stufen:
Welch entsetzliches Gewässer!
Herr und Meister, hör mich rufen! -
Ach, da kommt der Meister!
Herr, die Not ist groß!
Die ich rief, die Geister,
Werd ich nun nicht los.]]></lang>
				</text>
				<active>
					<lang>1</lang>
				</active>
			</ZMSTextarea>
			<ZMSTextarea>
				<format><![CDATA[body]]></format>
				<text>
					<lang><![CDATA[ "In die Ecke,
    Besen! Besen!
    Seids gewesen!
    Denn als Geister
    Ruft euch nur, zu seinem Zwecke,
    Erst hervor der alte Meister."]]></lang>
				</text>
				<active>
					<lang>1</lang>
				</active>
			</ZMSTextarea>
		</ZMSDocument>
		<ZMSDocument>
			<title>
				<lang><![CDATA[Document-4.11]]></lang>
			</title>
			<titlealt>
				<lang><![CDATA[Document-4.11]]></lang>
			</titlealt>
			<active>
				<lang>1</lang>
			</active>
			<ZMSTextarea>
				<format><![CDATA[wysiwyg]]></format>
				<text>
					<lang><![CDATA[<p>Lorem ipsum dolor sit amet, consectetur adipisicing elit, sed do eiusmod tempor incididunt ut labore et dolore magna aliqua. Ut enim ad minim veniam, quis nostrud exercitation ullamco laboris nisi ut aliquip ex ea commodo consequat. Duis aute irure dolor in reprehenderit in voluptate velit esse cillum dolore eu fugiat nulla pariatur. Excepteur sint occaecat cupidatat non proident, sunt in culpa qui officia deserunt mollit anim id est laborum.</p>]]></lang>
				</text>
				<active>
					<lang>1</lang>
				</active>
			</ZMSTextarea>
		</ZMSDocument>
		<ZMSDocument>
			<title>
				<lang><![CDATA[Document-4.12]]></lang>
			</title>
			<titlealt>
				<lang><![CDATA[Document-4.12]]></lang>
			</titlealt>
			<active>
				<lang>1</lang>
			</active>
			<ZMSTextarea>
				<format><![CDATA[wysiwyg]]></format>
				<text>
					<lang><![CDATA[<p>Lorem ipsum dolor sit amet, consectetur adipisicing elit, sed do eiusmod tempor incididunt ut labore et dolore magna aliqua. Ut enim ad minim veniam, quis nostrud exercitation ullamco laboris nisi ut aliquip ex ea commodo consequat. Duis aute irure dolor in reprehenderit in voluptate velit esse cillum dolore eu fugiat nulla pariatur. Excepteur sint occaecat cupidatat non proident, sunt in culpa qui officia deserunt mollit anim id est laborum.</p>]]></lang>
				</text>
				<active>
					<lang>1</lang>
				</active>
			</ZMSTextarea>
		</ZMSDocument>
		<ZMSDocument>
			<title>
				<lang><![CDATA[Document-4.13]]></lang>
			</title>
			<titlealt>
				<lang><![CDATA[Document-4.13]]></lang>
			</titlealt>
			<active>
				<lang>1</lang>
			</active>
			<ZMSTextarea>
				<format><![CDATA[wysiwyg]]></format>
				<text>
					<lang><![CDATA[<p>Lorem ipsum dolor sit amet, consectetur adipisicing elit, sed do eiusmod tempor incididunt ut labore et dolore magna aliqua. Ut enim ad minim veniam, quis nostrud exercitation ullamco laboris nisi ut aliquip ex ea commodo consequat. Duis aute irure dolor in reprehenderit in voluptate velit esse cillum dolore eu fugiat nulla pariatur. Excepteur sint occaecat cupidatat non proident, sunt in culpa qui officia deserunt mollit anim id est laborum.</p>]]></lang>
				</text>
				<active>
					<lang>1</lang>
				</active>
			</ZMSTextarea>
		</ZMSDocument>
		<ZMSDocument>
			<title>
				<lang><![CDATA[Document-4.14]]></lang>
			</title>
			<titlealt>
				<lang><![CDATA[Document-4.14]]></lang>
			</titlealt>
			<active>
				<lang>1</lang>
			</active>
			<ZMSTextarea>
				<format><![CDATA[wysiwyg]]></format>
				<text>
					<lang><![CDATA[<p>Lorem ipsum dolor sit amet, consectetur adipisicing elit, sed do eiusmod tempor incididunt ut labore et dolore magna aliqua. Ut enim ad minim veniam, quis nostrud exercitation ullamco laboris nisi ut aliquip ex ea commodo consequat. Duis aute irure dolor in reprehenderit in voluptate velit esse cillum dolore eu fugiat nulla pariatur. Excepteur sint occaecat cupidatat non proident, sunt in culpa qui officia deserunt mollit anim id est laborum.</p>]]></lang>
				</text>
				<active>
					<lang>1</lang>
				</active>
			</ZMSTextarea>
		</ZMSDocument>
		<ZMSDocument>
			<title>
				<lang><![CDATA[Document-4.15]]></lang>
			</title>
			<titlealt>
				<lang><![CDATA[Document-4.15]]></lang>
			</titlealt>
			<active>
				<lang>1</lang>
			</active>
			<ZMSTextarea>
				<format><![CDATA[wysiwyg]]></format>
				<text>
					<lang><![CDATA[<p>Lorem ipsum dolor sit amet, consectetur adipisicing elit, sed do eiusmod tempor incididunt ut labore et dolore magna aliqua. Ut enim ad minim veniam, quis nostrud exercitation ullamco laboris nisi ut aliquip ex ea commodo consequat. Duis aute irure dolor in reprehenderit in voluptate velit esse cillum dolore eu fugiat nulla pariatur. Excepteur sint occaecat cupidatat non proident, sunt in culpa qui officia deserunt mollit anim id est laborum.</p>]]></lang>
				</text>
				<active>
					<lang>1</lang>
				</active>
			</ZMSTextarea>
		</ZMSDocument>
		<ZMSDocument>
			<title>
				<lang><![CDATA[Document-4.16]]></lang>
			</title>
			<titlealt>
				<lang><![CDATA[Document-4.16]]></lang>
			</titlealt>
			<active>
				<lang>1</lang>
			</active>
			<ZMSTextarea>
				<format><![CDATA[wysiwyg]]></format>
				<text>
					<lang><![CDATA[<p>Lorem ipsum dolor sit amet, consectetur adipisicing elit, sed do eiusmod tempor incididunt ut labore et dolore magna aliqua. Ut enim ad minim veniam, quis nostrud exercitation ullamco laboris nisi ut aliquip ex ea commodo consequat. Duis aute irure dolor in reprehenderit in voluptate velit esse cillum dolore eu fugiat nulla pariatur. Excepteur sint occaecat cupidatat non proident, sunt in culpa qui officia deserunt mollit anim id est laborum.</p>]]></lang>
				</text>
				<active>
					<lang>1</lang>
				</active>
			</ZMSTextarea>
		</ZMSDocument>
		<ZMSDocument>
			<title>
				<lang><![CDATA[Document-4.17]]></lang>
			</title>
			<titlealt>
				<lang><![CDATA[Document-4.17]]></lang>
			</titlealt>
			<active>
				<lang>1</lang>
			</active>
			<ZMSTextarea>
				<format><![CDATA[wysiwyg]]></format>
				<text>
					<lang><![CDATA[<p>Lorem ipsum dolor sit amet, consectetur adipisicing elit, sed do eiusmod tempor incididunt ut labore et dolore magna aliqua. Ut enim ad minim veniam, quis nostrud exercitation ullamco laboris nisi ut aliquip ex ea commodo consequat. Duis aute irure dolor in reprehenderit in voluptate velit esse cillum dolore eu fugiat nulla pariatur. Excepteur sint occaecat cupidatat non proident, sunt in culpa qui officia deserunt mollit anim id est laborum.</p>]]></lang>
				</text>
				<active>
					<lang>1</lang>
				</active>
			</ZMSTextarea>
		</ZMSDocument>
		<ZMSDocument>
			<title>
				<lang><![CDATA[Document-4.18]]></lang>
			</title>
			<titlealt>
				<lang><![CDATA[Document-4.18]]></lang>
			</titlealt>
			<active>
				<lang>1</lang>
			</active>
			<ZMSTextarea>
				<format><![CDATA[wysiwyg]]></format>
				<text>
					<lang><![CDATA[<p>Lorem ipsum dolor sit amet, consectetur adipisicing elit, sed do eiusmod tempor incididunt ut labore et dolore magna aliqua. Ut enim ad minim veniam, quis nostrud exercitation ullamco laboris nisi ut aliquip ex ea commodo consequat. Duis aute irure dolor in reprehenderit in voluptate velit esse cillum dolore eu fugiat nulla pariatur. Excepteur sint occaecat cupidatat non proident, sunt in culpa qui officia deserunt mollit anim id est laborum.</p>]]></lang>
				</text>
				<active>
					<lang>1</lang>
				</active>
			</ZMSTextarea>
		</ZMSDocument>
		<ZMSDocument>
			<title>
				<lang><![CDATA[Document-4.19]]></lang>
			</title>
			<titlealt>
				<lang><![CDATA[Document-4.19]]></lang>
			</titlealt>
			<active>
				<lang>1</lang>
			</active>
			<ZMSTextarea>
				<format><![CDATA[wysiwyg]]></format>
				<text>
					<lang><![CDATA[<p>Lorem ipsum dolor sit amet, consectetur adipisicing elit, sed do eiusmod tempor incididunt ut labore et dolore magna aliqua. Ut enim ad minim veniam, quis nostrud exercitation ullamco laboris nisi ut aliquip ex ea commodo consequat. Duis aute irure dolor in reprehenderit in voluptate velit esse cillum dolore eu fugiat nulla pariatur. Excepteur sint occaecat cupidatat non proident, sunt in culpa qui officia deserunt mollit anim id est laborum.</p>]]></lang>
				</text>
				<active>
					<lang>1</lang>
				</active>
			</ZMSTextarea>
		</ZMSDocument>
		<ZMSDocument>
			<title>
				<lang><![CDATA[Document-4.20]]></lang>
			</title>
			<titlealt>
				<lang><![CDATA[Document-4.20]]></lang>
			</titlealt>
			<active>
				<lang>1</lang>
			</active>
			<ZMSTextarea>
				<format><![CDATA[wysiwyg]]></format>
				<text>
					<lang><![CDATA[<p>Lorem ipsum dolor sit amet, consectetur adipisicing elit, sed do eiusmod tempor incididunt ut labore et dolore magna aliqua. Ut enim ad minim veniam, quis nostrud exercitation ullamco laboris nisi ut aliquip ex ea commodo consequat. Duis aute irure dolor in reprehenderit in voluptate velit esse cillum dolore eu fugiat nulla pariatur. Excepteur sint occaecat cupidatat non proident, sunt in culpa qui officia deserunt mollit anim id est laborum.</p>]]></lang>
				</text>
				<active>
					<lang>1</lang>
				</active>
			</ZMSTextarea>
		</ZMSDocument>
	</ZMSFolder>
	<ZMSFolder>
		<title>
			<lang><![CDATA[Professional Services]]></lang>
		</title>
		<titlealt>
			<lang><![CDATA[Services]]></lang>
		</titlealt>
		<attr_dc_description>
			<lang><![CDATA[The professional services of the ZMS development team support professional users from companies and institutions in the maximal using of the advantages of the ZMS framework.]]></lang>
		</attr_dc_description>
		<active>
			<lang>1</lang>
		</active>
		<attr_levelnfc>1</attr_levelnfc>
		<ZMSTextarea>
			<format><![CDATA[wysiwyg]]></format>
			<text>
				<lang><![CDATA[<p>Lorem ipsum dolor sit amet, consectetur adipisicing elit, sed do eiusmod tempor incididunt ut labore et dolore magna aliqua. Ut enim ad minim veniam, quis nostrud exercitation ullamco laboris nisi ut aliquip ex ea commodo consequat. Duis aute irure dolor in reprehenderit in voluptate velit esse cillum dolore eu fugiat nulla pariatur. Excepteur sint occaecat cupidatat non proident, sunt in culpa qui officia deserunt mollit anim id est laborum.</p>]]></lang>
			</text>
			<active>
				<lang>1</lang>
			</active>
		</ZMSTextarea>
		<ZMSDocument>
			<title>
				<lang><![CDATA[Document-5.1]]></lang>
			</title>
			<titlealt>
				<lang><![CDATA[Document-5.1]]></lang>
			</titlealt>
			<active>
				<lang>1</lang>
			</active>
			<ZMSTextarea>
				<format><![CDATA[wysiwyg]]></format>
				<text>
					<lang><![CDATA[<p>Lorem ipsum dolor sit amet, consectetur adipisicing elit, sed do eiusmod tempor incididunt ut labore et dolore magna aliqua. Ut enim ad minim veniam, quis nostrud exercitation ullamco laboris nisi ut aliquip ex ea commodo consequat. Duis aute irure dolor in reprehenderit in voluptate velit esse cillum dolore eu fugiat nulla pariatur. Excepteur sint occaecat cupidatat non proident, sunt in culpa qui officia deserunt mollit anim id est laborum.</p>]]></lang>
				</text>
				<active>
					<lang>1</lang>
				</active>
			</ZMSTextarea>
		</ZMSDocument>
		<ZMSDocument>
			<title>
				<lang><![CDATA[Document-5.2]]></lang>
			</title>
			<titlealt>
				<lang><![CDATA[Document-5.2]]></lang>
			</titlealt>
			<active>
				<lang>1</lang>
			</active>
			<ZMSTextarea>
				<format><![CDATA[wysiwyg]]></format>
				<text>
					<lang><![CDATA[<p>Lorem ipsum dolor sit amet, consectetur adipisicing elit, sed do eiusmod tempor incididunt ut labore et dolore magna aliqua. Ut enim ad minim veniam, quis nostrud exercitation ullamco laboris nisi ut aliquip ex ea commodo consequat. Duis aute irure dolor in reprehenderit in voluptate velit esse cillum dolore eu fugiat nulla pariatur. Excepteur sint occaecat cupidatat non proident, sunt in culpa qui officia deserunt mollit anim id est laborum.</p>]]></lang>
				</text>
				<active>
					<lang>1</lang>
				</active>
			</ZMSTextarea>
		</ZMSDocument>
		<ZMSFolder>
			<title>
				<lang><![CDATA[Folder-5.3]]></lang>
			</title>
			<titlealt>
				<lang><![CDATA[Folder-5.3]]></lang>
			</titlealt>
			<active>
				<lang>1</lang>
			</active>
			<attr_levelnfc>1</attr_levelnfc>
			<ZMSTextarea>
				<format><![CDATA[wysiwyg]]></format>
				<text>
					<lang><![CDATA[<p>Lorem ipsum dolor sit amet, consectetur adipisicing elit, sed do eiusmod tempor incididunt ut labore et dolore magna aliqua. Ut enim ad minim veniam, quis nostrud exercitation ullamco laboris nisi ut aliquip ex ea commodo consequat. Duis aute irure dolor in reprehenderit in voluptate velit esse cillum dolore eu fugiat nulla pariatur. Excepteur sint occaecat cupidatat non proident, sunt in culpa qui officia deserunt mollit anim id est laborum.</p>]]></lang>
				</text>
				<active>
					<lang>1</lang>
				</active>
			</ZMSTextarea>
			<ZMSDocument>
				<title>
					<lang><![CDATA[Document-5.3.1]]></lang>
				</title>
				<titlealt>
					<lang><![CDATA[Document-5.3.1]]></lang>
				</titlealt>
				<active>
					<lang>1</lang>
				</active>
				<ZMSTextarea>
					<format><![CDATA[wysiwyg]]></format>
					<text>
						<lang><![CDATA[<p>Lorem ipsum dolor sit amet, consectetur adipisicing elit, sed do eiusmod tempor incididunt ut labore et dolore magna aliqua. Ut enim ad minim veniam, quis nostrud exercitation ullamco laboris nisi ut aliquip ex ea commodo consequat. Duis aute irure dolor in reprehenderit in voluptate velit esse cillum dolore eu fugiat nulla pariatur. Excepteur sint occaecat cupidatat non proident, sunt in culpa qui officia deserunt mollit anim id est laborum.</p>]]></lang>
					</text>
					<active>
						<lang>1</lang>
					</active>
				</ZMSTextarea>
			</ZMSDocument>
			<ZMSDocument>
				<title>
					<lang><![CDATA[Document-5.3.2]]></lang>
				</title>
				<titlealt>
					<lang><![CDATA[Document-5.3.2]]></lang>
				</titlealt>
				<active>
					<lang>1</lang>
				</active>
				<ZMSTextarea>
					<format><![CDATA[wysiwyg]]></format>
					<text>
						<lang><![CDATA[<p>Lorem ipsum dolor sit amet, consectetur adipisicing elit, sed do eiusmod tempor incididunt ut labore et dolore magna aliqua. Ut enim ad minim veniam, quis nostrud exercitation ullamco laboris nisi ut aliquip ex ea commodo consequat. Duis aute irure dolor in reprehenderit in voluptate velit esse cillum dolore eu fugiat nulla pariatur. Excepteur sint occaecat cupidatat non proident, sunt in culpa qui officia deserunt mollit anim id est laborum.</p>]]></lang>
					</text>
					<active>
						<lang>1</lang>
					</active>
				</ZMSTextarea>
			</ZMSDocument>
		</ZMSFolder>
	</ZMSFolder>
</ZMS>
