<?xml version="1.0" encoding="ISO-8859-1"?><dictionary>
<item key="data"><![CDATA[<dtml-return "getObjProperty('sendItem',REQUEST)">]]></item>
<item key="description"><![CDATA[Do you really want to send this newsletter?]]></item>
<item key="exec"><![CDATA[1]]></item>
<item key="id"><![CDATA[manage_sendNewsletterItem]]></item>
<item key="meta_type"><![CDATA[DTML Method]]></item>
<item key="meta_types"><list>
<item><![CDATA[newsletterItem]]></item>
</list>
</item>
<item key="name"><![CDATA[Send Newsletter...]]></item>
<item key="roles"><list>
<item><![CDATA[ZMSAdministrator]]></item>
<item><![CDATA[ZMSEditor]]></item>
<item><![CDATA[ZMSAuthor]]></item>
</list>
</item>
</dictionary>
