<?xml version="1.0" encoding="utf-8"?>
<dictionary>
	<item key="acquired" type="int">0</item>
	<item key="custom"/>
	<item key="dst_meta_types" type="list">
		<list>
			<item><![CDATA[ZMSTextarea]]></item>
			<item><![CDATA[wikipage]]></item>
		</list>
	</item>
	<item key="id"><![CDATA[_comments]]></item>
	<item key="keys" type="list">
		<list>
</list>
	</item>
	<item key="mandatory" type="int">0</item>
	<item key="multilang" type="int">1</item>
	<item key="name"><![CDATA[Comments]]></item>
	<item key="type"><![CDATA[list]]></item>
</dictionary>
