<?xml version="1.0" encoding="utf-8"?>
<LgGalleria id="e131">
<height>170</height>
<active>
<lang>1</lang></active><LgGalleriaImage id="images132"
 id_prefix="images">
<img>
<data width="284" height="170" content_type="image/jpeg" filename="images132/eBook2.jpg"></data></img>
<active>
<lang>1</lang></active></LgGalleriaImage>
<LgGalleriaImage id="images133"
 id_prefix="images">
<img>
<data width="284" height="170" content_type="image/jpeg" filename="images133/zms_elearning.jpg"></data></img>
<active>
<lang>1</lang></active></LgGalleriaImage>
<LgGalleriaImage id="images134"
 id_prefix="images">
<img>
<data width="284" height="170" content_type="image/jpeg" filename="images134/zms_webdesign.jpg"></data></img>
<active>
<lang>1</lang></active></LgGalleriaImage>
</LgGalleria>
