<?xml version="1.0" encoding="UTF-8"?>
<list>
<item type="dictionary"><dictionary>
<item key="eng"><![CDATA[Search]]></item>
<item key="ger"><![CDATA[Suche]]></item>
<item key="key"><![CDATA[CALSEARCH]]></item>
</dictionary>
</item>
<item type="dictionary"><dictionary>
<item key="eng"><![CDATA[Current events]]></item>
<item key="ger"><![CDATA[Aktuelle Termine]]></item>
<item key="key"><![CDATA[CALCURRENT]]></item>
</dictionary>
</item>
<item type="dictionary"><dictionary>
<item key="eng"><![CDATA[Overview]]></item>
<item key="ger"><![CDATA[Überblick]]></item>
<item key="key"><![CDATA[CALOVERVIEW]]></item>
</dictionary>
</item>
</list>