<?xml version="1.0" encoding="utf-8"?><ZMS id_fix="content">	<title>		<lang><![CDATA[ZMS - ZOPE-based contentmanagement system for science, technology and medicine]]></lang>	</title>	<text>		<lang><![CDATA[<h3>	ZMS is a unique open source content management solution: perfectly suitable for hospitals, research institutions, NGOs and small to medium-size international companies, based on the consulting principles of HOFFMANN+LIEBENBERG.</h3><p>	Lorem ipsum dolor sit amet, consectetur adipisicing elit, sed do eiusmod tempor incididunt ut labore et dolore magna aliqua. Ut enim ad minim veniam, quis nostrud exercitation ullamco laboris nisi ut aliquip ex ea commodo consequat. Duis aute irure dolor in reprehenderit in voluptate velit esse cillum dolore eu fugiat nulla pariatur. Excepteur sint occaecat cupidatat non proident, sunt in culpa qui officia deserunt mollit anim id est laborum.</p><p>	Lorem ipsum dolor sit amet, consectetur adipisicing elit, sed do eiusmod tempor incididunt ut labore et dolore magna aliqua. Ut enim ad minim veniam, quis nostrud exercitation ullamco laboris nisi ut aliquip ex ea commodo consequat. Duis aute irure dolor in reprehenderit in voluptate velit esse cillum dolore eu fugiat nulla pariatur. Excepteur sint occaecat cupidatat non proident, sunt in culpa qui officia deserunt mollit anim id est laborum.</p>]]></lang>	</text>	<titlealt>		<lang><![CDATA[ZMS home]]></lang>	</titlealt>	<active>		<lang>1</lang>	</active>	<ZMS id="e139">		<title>			<lang><![CDATA[Summary of the ZMS concept]]></lang>		</title>		<text>			<lang><![CDATA[<h3>	ZMS uses the open source application server ZOPE and is optimised for the building of structured contents. This system facilitates the editorial process by prescribing a homogenous concept for the structure and the development of internet documents (design pattern approach). ZMS makes the &quot;one click publishing&quot; also possible for the inexperienced user by the direct entering of contents in a web form.</h3><p>	Lorem ipsum dolor sit amet, consectetur adipisicing elit, sed do eiusmod tempor incididunt ut labore et dolore magna aliqua. Ut enim ad minim veniam, quis nostrud exercitation ullamco laboris nisi ut aliquip ex ea commodo consequat. Duis aute irure dolor in reprehenderit in voluptate velit esse cillum dolore eu fugiat nulla pariatur. Excepteur sint occaecat cupidatat non proident, sunt in culpa qui officia deserunt mollit anim id est laborum.</p><p>	Lorem ipsum dolor sit amet, consectetur adipisicing elit, sed do eiusmod tempor incididunt ut labore et dolore magna aliqua. Ut enim ad minim veniam, quis nostrud exercitation ullamco laboris nisi ut aliquip ex ea commodo consequat. Duis aute irure dolor in reprehenderit in voluptate velit esse cillum dolore eu fugiat nulla pariatur. Excepteur sint occaecat cupidatat non proident, sunt in culpa qui officia deserunt mollit anim id est laborum.</p>]]></lang>		</text>		<titlealt>			<lang><![CDATA[Concept]]></lang>		</titlealt>		<active>			<lang>1</lang>		</active>		<ZMS id="e141" id_prefix="e">			<title>				<lang><![CDATA[Document-1.1]]></lang>			</title>			<text>				<lang><![CDATA[<p>	Lorem ipsum dolor sit amet, consectetur adipisicing elit, sed do eiusmod tempor incididunt ut labore et dolore magna aliqua. Ut enim ad minim veniam, quis nostrud exercitation ullamco laboris nisi ut aliquip ex ea commodo consequat. Duis aute irure dolor in reprehenderit in voluptate velit esse cillum dolore eu fugiat nulla pariatur. Excepteur sint occaecat cupidatat non proident, sunt in culpa qui officia deserunt mollit anim id est laborum.</p><p>	Lorem ipsum dolor sit amet, consectetur adipisicing elit, sed do eiusmod tempor incididunt ut labore et dolore magna aliqua. Ut enim ad minim veniam, quis nostrud exercitation ullamco laboris nisi ut aliquip ex ea commodo consequat. Duis aute irure dolor in reprehenderit in voluptate velit esse cillum dolore eu fugiat nulla pariatur. Excepteur sint occaecat cupidatat non proident, sunt in culpa qui officia deserunt mollit anim id est laborum.</p>]]></lang>			</text>			<titlealt>				<lang><![CDATA[Document-1.1]]></lang>			</titlealt>			<active>				<lang>1</lang>			</active>		</ZMS>		<ZMS id="e142" id_prefix="e">			<title>				<lang><![CDATA[Document-1.2]]></lang>			</title>			<text>				<lang><![CDATA[<p>	Lorem ipsum dolor sit amet, consectetur adipisicing elit, sed do eiusmod tempor incididunt ut labore et dolore magna aliqua. Ut enim ad minim veniam, quis nostrud exercitation ullamco laboris nisi ut aliquip ex ea commodo consequat. Duis aute irure dolor in reprehenderit in voluptate velit esse cillum dolore eu fugiat nulla pariatur. Excepteur sint occaecat cupidatat non proident, sunt in culpa qui officia deserunt mollit anim id est laborum.</p><p>	Lorem ipsum dolor sit amet, consectetur adipisicing elit, sed do eiusmod tempor incididunt ut labore et dolore magna aliqua. Ut enim ad minim veniam, quis nostrud exercitation ullamco laboris nisi ut aliquip ex ea commodo consequat. Duis aute irure dolor in reprehenderit in voluptate velit esse cillum dolore eu fugiat nulla pariatur. Excepteur sint occaecat cupidatat non proident, sunt in culpa qui officia deserunt mollit anim id est laborum.</p>]]></lang>			</text>			<titlealt>				<lang><![CDATA[Document-1.2]]></lang>			</titlealt>			<active>				<lang>1</lang>			</active>		</ZMS>	</ZMS>	<ZMS id="e140">		<title>			<lang><![CDATA[Application scenarios and case studies]]></lang>		</title>		<text>			<lang><![CDATA[<h3>	The ZMS framework allows the user from the beginning a professional management of its contents. This has been proved in many national and international projects so far.</h3><p>	Lorem ipsum dolor sit amet, consectetur adipisicing elit, sed do eiusmod tempor incididunt ut labore et dolore magna aliqua. Ut enim ad minim veniam, quis nostrud exercitation ullamco laboris nisi ut aliquip ex ea commodo consequat. Duis aute irure dolor in reprehenderit in voluptate velit esse cillum dolore eu fugiat nulla pariatur. Excepteur sint occaecat cupidatat non proident, sunt in culpa qui officia deserunt mollit anim id est laborum.</p>]]></lang>		</text>		<titlealt>			<lang><![CDATA[Case Studies]]></lang>		</titlealt>		<active>			<lang>1</lang>		</active>		<ZMS id="e143" id_prefix="e">			<title>				<lang><![CDATA[Document-2.1]]></lang>			</title>			<text>				<lang><![CDATA[<p>	Lorem ipsum dolor sit amet, consectetur adipisicing elit, sed do eiusmod tempor incididunt ut labore et dolore magna aliqua. Ut enim ad minim veniam, quis nostrud exercitation ullamco laboris nisi ut aliquip ex ea commodo consequat. Duis aute irure dolor in reprehenderit in voluptate velit esse cillum dolore eu fugiat nulla pariatur. Excepteur sint occaecat cupidatat non proident, sunt in culpa qui officia deserunt mollit anim id est laborum.</p>]]></lang>			</text>			<titlealt>				<lang><![CDATA[Document-2.1]]></lang>			</titlealt>			<active>				<lang>1</lang>			</active>		</ZMS>	</ZMS>	<ZMS id="e144">		<title>			<lang><![CDATA[ZMS Download]]></lang>		</title>		<text>			<lang><![CDATA[<h3>	ZMS is open-source software and applies to the GNU General Public License; downloading ZMS you agree to this licence.</h3><p>	Lorem ipsum dolor sit amet, consectetur adipisicing elit, sed do eiusmod tempor incididunt ut labore et dolore magna aliqua. Ut enim ad minim veniam, quis nostrud exercitation ullamco laboris nisi ut aliquip ex ea commodo consequat. Duis aute irure dolor in reprehenderit in voluptate velit esse cillum dolore eu fugiat nulla pariatur. Excepteur sint occaecat cupidatat non proident, sunt in culpa qui officia deserunt mollit anim id est laborum.</p>]]></lang>		</text>		<titlealt>			<lang><![CDATA[Download]]></lang>		</titlealt>		<active>			<lang>1</lang>		</active>		<ZMS id="e145" id_prefix="e">			<title>				<lang><![CDATA[Document-3.1]]></lang>			</title>			<text>				<lang><![CDATA[<p>	Lorem ipsum dolor sit amet, consectetur adipisicing elit, sed do eiusmod tempor incididunt ut labore et dolore magna aliqua. Ut enim ad minim veniam, quis nostrud exercitation ullamco laboris nisi ut aliquip ex ea commodo consequat. Duis aute irure dolor in reprehenderit in voluptate velit esse cillum dolore eu fugiat nulla pariatur. Excepteur sint occaecat cupidatat non proident, sunt in culpa qui officia deserunt mollit anim id est laborum.</p>]]></lang>			</text>			<titlealt>				<lang><![CDATA[Document-3.1]]></lang>			</titlealt>			<active>				<lang>1</lang>			</active>		</ZMS>	</ZMS>	<ZMS id="e146">		<title>			<lang><![CDATA[ZMS Academy]]></lang>		</title>		<text>			<lang><![CDATA[<h3>	Behind ZMS stands a conceptional approach for an efficient and low cost production of websites or web documents. You get to know this approach in detail in the courses of the ZMS academy.</h3><p>	Lorem ipsum dolor sit amet, consectetur adipisicing elit, sed do eiusmod tempor incididunt ut labore et dolore magna aliqua. Ut enim ad minim veniam, quis nostrud exercitation ullamco laboris nisi ut aliquip ex ea commodo consequat. Duis aute irure dolor in reprehenderit in voluptate velit esse cillum dolore eu fugiat nulla pariatur. Excepteur sint occaecat cupidatat non proident, sunt in culpa qui officia deserunt mollit anim id est laborum.</p>]]></lang>		</text>		<titlealt>			<lang><![CDATA[Academy]]></lang>		</titlealt>		<active>			<lang>1</lang>		</active>		<ZMS id="e147" id_prefix="e">			<title>				<lang><![CDATA[Document-4.1]]></lang>			</title>			<text>				<lang><![CDATA[<p>	Lorem ipsum dolor sit amet, consectetur adipisicing elit, sed do eiusmod tempor incididunt ut labore et dolore magna aliqua. Ut enim ad minim veniam, quis nostrud exercitation ullamco laboris nisi ut aliquip ex ea commodo consequat. Duis aute irure dolor in reprehenderit in voluptate velit esse cillum dolore eu fugiat nulla pariatur. Excepteur sint occaecat cupidatat non proident, sunt in culpa qui officia deserunt mollit anim id est laborum.</p>]]></lang>			</text>			<titlealt>				<lang><![CDATA[Document-4.1]]></lang>			</titlealt>			<active>				<lang>1</lang>			</active>		</ZMS>		<ZMS id="e148" id_prefix="e">			<title>				<lang><![CDATA[Document-4.2]]></lang>			</title>			<text>				<lang><![CDATA[<p>	Lorem ipsum dolor sit amet, consectetur adipisicing elit, sed do eiusmod tempor incididunt ut labore et dolore magna aliqua. Ut enim ad minim veniam, quis nostrud exercitation ullamco laboris nisi ut aliquip ex ea commodo consequat. Duis aute irure dolor in reprehenderit in voluptate velit esse cillum dolore eu fugiat nulla pariatur. Excepteur sint occaecat cupidatat non proident, sunt in culpa qui officia deserunt mollit anim id est laborum.</p>]]></lang>			</text>			<titlealt>				<lang><![CDATA[Document-4.2]]></lang>			</titlealt>			<active>				<lang>1</lang>			</active>		</ZMS>		<ZMS id="e149" id_prefix="e">			<title>				<lang><![CDATA[Document-4.3]]></lang>			</title>			<text>				<lang><![CDATA[<p>	Lorem ipsum dolor sit amet, consectetur adipisicing elit, sed do eiusmod tempor incididunt ut labore et dolore magna aliqua. Ut enim ad minim veniam, quis nostrud exercitation ullamco laboris nisi ut aliquip ex ea commodo consequat. Duis aute irure dolor in reprehenderit in voluptate velit esse cillum dolore eu fugiat nulla pariatur. Excepteur sint occaecat cupidatat non proident, sunt in culpa qui officia deserunt mollit anim id est laborum.</p>]]></lang>			</text>			<titlealt>				<lang><![CDATA[Document-4.3]]></lang>			</titlealt>			<active>				<lang>1</lang>			</active>		</ZMS>		<ZMS id="e151" id_prefix="e">			<title>				<lang><![CDATA[Document-4.4]]></lang>			</title>			<text>				<lang><![CDATA[<p>	Lorem ipsum dolor sit amet, consectetur adipisicing elit, sed do eiusmod tempor incididunt ut labore et dolore magna aliqua. Ut enim ad minim veniam, quis nostrud exercitation ullamco laboris nisi ut aliquip ex ea commodo consequat. Duis aute irure dolor in reprehenderit in voluptate velit esse cillum dolore eu fugiat nulla pariatur. Excepteur sint occaecat cupidatat non proident, sunt in culpa qui officia deserunt mollit anim id est laborum.</p>]]></lang>			</text>			<titlealt>				<lang><![CDATA[Document-4.4]]></lang>			</titlealt>			<active>				<lang>1</lang>			</active>		</ZMS>		<ZMS id="e153" id_prefix="e">			<title>				<lang><![CDATA[Document-4.5]]></lang>			</title>			<text>				<lang><![CDATA[<p>	Lorem ipsum dolor sit amet, consectetur adipisicing elit, sed do eiusmod tempor incididunt ut labore et dolore magna aliqua. Ut enim ad minim veniam, quis nostrud exercitation ullamco laboris nisi ut aliquip ex ea commodo consequat. Duis aute irure dolor in reprehenderit in voluptate velit esse cillum dolore eu fugiat nulla pariatur. Excepteur sint occaecat cupidatat non proident, sunt in culpa qui officia deserunt mollit anim id est laborum.</p>]]></lang>			</text>			<titlealt>				<lang><![CDATA[Document-4.5]]></lang>			</titlealt>			<active>				<lang>1</lang>			</active>		</ZMS>		<ZMS id="e155" id_prefix="e">			<title>				<lang><![CDATA[Document-4.6]]></lang>			</title>			<text>				<lang><![CDATA[<p>	Lorem ipsum dolor sit amet, consectetur adipisicing elit, sed do eiusmod tempor incididunt ut labore et dolore magna aliqua. Ut enim ad minim veniam, quis nostrud exercitation ullamco laboris nisi ut aliquip ex ea commodo consequat. Duis aute irure dolor in reprehenderit in voluptate velit esse cillum dolore eu fugiat nulla pariatur. Excepteur sint occaecat cupidatat non proident, sunt in culpa qui officia deserunt mollit anim id est laborum.</p>]]></lang>			</text>			<titlealt>				<lang><![CDATA[Document-4.6]]></lang>			</titlealt>			<active>				<lang>1</lang>			</active>		</ZMS>	</ZMS>	<ZMS id="e156">		<title>			<lang><![CDATA[Professional Services]]></lang>		</title>		<text>			<lang><![CDATA[<h3>	The professional services of the ZMS development team support professional users from companies and institutions in the maximal using of the advantages of the ZMS framework.</h3><p>	Lorem ipsum dolor sit amet, consectetur adipisicing elit, sed do eiusmod tempor incididunt ut labore et dolore magna aliqua. Ut enim ad minim veniam, quis nostrud exercitation ullamco laboris nisi ut aliquip ex ea commodo consequat. Duis aute irure dolor in reprehenderit in voluptate velit esse cillum dolore eu fugiat nulla pariatur. Excepteur sint occaecat cupidatat non proident, sunt in culpa qui officia deserunt mollit anim id est laborum.</p>]]></lang>		</text>		<titlealt>			<lang><![CDATA[Services]]></lang>		</titlealt>		<active>			<lang>1</lang>		</active>		<ZMS id="e157" id_prefix="e">			<title>				<lang><![CDATA[Document-5.1]]></lang>			</title>			<text>				<lang><![CDATA[<p>	Lorem ipsum dolor sit amet, consectetur adipisicing elit, sed do eiusmod tempor incididunt ut labore et dolore magna aliqua. Ut enim ad minim veniam, quis nostrud exercitation ullamco laboris nisi ut aliquip ex ea commodo consequat. Duis aute irure dolor in reprehenderit in voluptate velit esse cillum dolore eu fugiat nulla pariatur. Excepteur sint occaecat cupidatat non proident, sunt in culpa qui officia deserunt mollit anim id est laborum.</p>]]></lang>			</text>			<titlealt>				<lang><![CDATA[Document-5.1]]></lang>			</titlealt>			<active>				<lang>1</lang>			</active>		</ZMS>	</ZMS></ZMS>