<?xml version="1.0" encoding="utf-8"?>
<dictionary>
<item key="acquired" type="int">0</item>
<item key="custom"></item>
<item key="dst_meta_types" type="list"><list>
<item><![CDATA[ZMSDocument]]></item>
<item><![CDATA[ZMSFolder]]></item>
<item><![CDATA[ZMS]]></item>
</list>
</item>
<item key="id"><![CDATA[mediaplayer_hidden]]></item>
<item key="keys" type="list"><list>
</list>
</item>
<item key="mandatory" type="int">0</item>
<item key="multilang" type="int">1</item>
<item key="name"><![CDATA[Hide Mediaplayers?]]></item>
<item key="repetitive" type="int">0</item>
<item key="type"><![CDATA[boolean]]></item>
</dictionary>
